<application>
  <component name="SonarLintGlobalSettings">
    <option name="focusOnNewCode" value="true" />
    <option name="nodejsPath" value="$USER_HOME$/.nvm/versions/node/v16.20.2/bin/node" />
    <option name="sonarQubeServers">
      <list>
        <SonarQubeServer>
          <option name="hostUrl" value="https://sonarqube.mioffice.cn" />
          <token>df9edf9edf92dfc9df9edf9cdf98df9cdf9ddfc8df92df98df9fdf9bdf9cdf92df9adf9edfccdf92df9ddf9edfccdf99df92dfcbdf9fdfcbdfcfdf9fdf9fdf93df9ddfcfdfcfdfccdfccdf9edf9adf9c</token>
          <option name="name" value="https://sonarqube.mioffice.cn" />
        </SonarQubeServer>
      </list>
    </option>
    <rules />
  </component>
</application>