<application>
  <component name="Translation.Cache">
    <option name="lastTrimTime" value="1707012902097" />
  </component>
  <component name="Translation.States">
    <option name="newTranslationDialogHeight" value="347" />
    <option name="newTranslationDialogWidth" value="1053" />
    <option name="newTranslationDialogX" value="713" />
    <option name="newTranslationDialogY" value="187" />
    <histories>
      <item value="有效值" />
      <item value="有效zhi" />
      <item value="有效" />
      <item value="rest" />
      <item value="参考数据" />
      <item value="TypeError: Iterator value 2024WK01 is not an entry object" />
      <item value="简化表格" />
      <item value="简化b" />
      <item value="简化bo a ge" />
      <item value="jjian hua" />
      <item value="收集" />
      <item value="shou ji" />
      <item value="s" />
      <item value="hint: The '.husky/pre-commit' hook was ignored because it's not set as executable." />
      <item value="Ready to be merged automatically. Ask someone with write access to this repository to merge this request" />
      <item value="This assertion is unnecessary since it does not change the type of the expression.Why" />
      <item value="hardcoded-credentials Embedding credentials in source code risks unauthorized access" />
      <item value="Demand" />
      <item value="顶层" />
      <item value="减去" />
      <item value="减" />
      <item value="jian" />
      <item value="S2540: Cannot assign to current because it is a read-only property." />
      <item value="零" />
      <item value="ling" />
      <item value="confirm" />
      <item value="总部" />
      <item value="z" />
      <item value="说明" />
      <item value="shuo" />
      <item value="shu" />
      <item value="描述" />
      <item value="country-requirement" />
      <item value="measure" />
      <item value="变化率" />
      <item value="bian hu率" />
      <item value="增长率" />
      <item value="增长lü" />
      <item value="zeng z" />
      <item value="za h" />
      <item value="通过col获取key&#10;" />
      <item value="通过colhuo qu" />
      <item value="通过col" />
      <item value="通过" />
      <item value="t guo" />
      <item value="get Key Form Col" />
      <item value="get Key For Col" />
      <item value="Evented" />
      <item value="Evened" />
      <item value="Event" />
    </histories>
    <option name="languageScores">
      <map>
        <entry key="CHINESE" value="273" />
        <entry key="ENGLISH" value="226" />
        <entry key="ROMANIAN" value="1" />
      </map>
    </option>
  </component>
</application>